{"cameraMode":{"drawMode":0,"name":"Shaded","section":"Shading Mode"},"sceneLighting":false,"audioPlay":false,"sceneViewState":{"showFog":true,"showMaterialUpdate":false,"showSkybox":true,"showFlares":true,"showImageEffects":true,"showParticleSystems":true},"in2DMode":false,"pivot":{"x":-0.6499999761581421,"y":1.4199999570846558,"z":0.296999990940094},"rotation":{"x":0.20187842845916749,"y":-0.03378210589289665,"z":0.006967573892325163,"w":0.9788030385971069},"size":1.1431536674499512,"orthographic":false}